{
  "adoption_status": "BLOCKED_UNTIL_BOTH_W2_SIGNATURES",
  "nested_bootstrap": {
    "calibration_resampling_unit": "row_within_frozen_calibration_stratum",
    "failure_counts": {},
    "model_form_refit_each_replicate": "M2",
    "model_l2_refit_each_replicate": 0.1,
    "requested_replicates": 2000,
    "seed": 20260714,
    "target_resampling_unit": "prompt_within_publication_group",
    "valid_replicates": 2000
  },
  "operating_characteristics": {
    "instrumental_request": {
      "negative_weight": 1469.8000000000002,
      "positive_weight": 1186.3999999999999,
      "rows": 48,
      "sensitivity": 1.0,
      "specificity": 0.8854265886515171,
      "status": "ESTIMABLE"
    },
    "overall": {
      "negative_weight": 6634.199999999995,
      "positive_weight": 1186.3999999999999,
      "rows": 98,
      "sensitivity": 1.0,
      "specificity": 0.0,
      "status": "ESTIMABLE"
    },
    "vocal_request": {
      "negative_weight": 5164.4,
      "positive_weight": 0,
      "rows": 50,
      "sensitivity": null,
      "specificity": 1.0,
      "status": "NOT_ESTIMABLE_BOTH_CLASSES_REQUIRED"
    }
  },
  "promotion_sha256": "2ec9f12fd9008dae0e32675fcdaaf9e7a22fe0ed7006dd310b665b1e82be2ff2",
  "rating_source": "pi:Richard",
  "selection": {
    "best_raw": {
      "fold_losses": [
        0.022293655178253078,
        0.10758170253331129,
        0.15106102377160815,
        0.08728429758145514,
        0.006450534874618559
      ],
      "form": "M2",
      "l2": 1.0,
      "mean_log_loss": 0.07493424278784924,
      "se_log_loss": 0.02690233909682771
    },
    "candidates": [
      {
        "fold_losses": [
          0.21766236809556413,
          0.49361363592016216,
          0.21397457735793732,
          0.22315465882207985,
          0.29995727754010615
        ],
        "form": "M0",
        "l2": 0.1,
        "mean_log_loss": 0.28967250354716995,
        "se_log_loss": 0.053403193422137424
      },
      {
        "fold_losses": [
          0.21945371884536563,
          0.4512881652232907,
          0.21687556919920162,
          0.2237021779210217,
          0.30165524981246095
        ],
        "form": "M0",
        "l2": 1.0,
        "mean_log_loss": 0.2825949762002681,
        "se_log_loss": 0.0450526950242817
      },
      {
        "fold_losses": [
          0.23313920262738008,
          0.4039236766020175,
          0.23851659096522715,
          0.22797714794788754,
          0.3148717534440516
        ],
        "form": "M0",
        "l2": 10.0,
        "mean_log_loss": 0.28368567431731273,
        "se_log_loss": 0.03400616159325957
      },
      {
        "fold_losses": [
          0.052712876110789286,
          0.6833959750415157,
          0.11546635376408652,
          0.1680036642202773,
          0.040794862023127654
        ],
        "form": "M1",
        "l2": 0.1,
        "mean_log_loss": 0.2120747462319593,
        "se_log_loss": 0.12003169308032037
      },
      {
        "fold_losses": [
          0.05684841659113747,
          0.4737197296096503,
          0.09728852863028023,
          0.17956746594977666,
          0.050370260903556355
        ],
        "form": "M1",
        "l2": 1.0,
        "mean_log_loss": 0.17155888033688022,
        "se_log_loss": 0.0789704290833921
      },
      {
        "fold_losses": [
          0.09578536779659888,
          0.28248694522129186,
          0.10736332807673384,
          0.20765606042776863,
          0.09157752002981787
        ],
        "form": "M1",
        "l2": 10.0,
        "mean_log_loss": 0.1569738443104422,
        "se_log_loss": 0.03795005779922956
      },
      {
        "fold_losses": [
          0.013081975766314502,
          0.15418221098045112,
          0.27246009158807183,
          0.05059878329353143,
          0.0037578087211039843
        ],
        "form": "M2",
        "l2": 0.1,
        "mean_log_loss": 0.09881617406989458,
        "se_log_loss": 0.050955358152535296
      },
      {
        "fold_losses": [
          0.022293655178253078,
          0.10758170253331129,
          0.15106102377160815,
          0.08728429758145514,
          0.006450534874618559
        ],
        "form": "M2",
        "l2": 1.0,
        "mean_log_loss": 0.07493424278784924,
        "se_log_loss": 0.02690233909682771
      },
      {
        "fold_losses": [
          0.06928180076380695,
          0.07535021680896221,
          0.11352440933376055,
          0.13237390536475918,
          0.03149316338889604
        ],
        "form": "M2",
        "l2": 10.0,
        "mean_log_loss": 0.08440469913203699,
        "se_log_loss": 0.017690843095683948
      }
    ],
    "selected": {
      "fold_losses": [
        0.013081975766314502,
        0.15418221098045112,
        0.27246009158807183,
        0.05059878329353143,
        0.0037578087211039843
      ],
      "form": "M2",
      "l2": 0.1,
      "mean_log_loss": 0.09881617406989458,
      "se_log_loss": 0.050955358152535296
    },
    "selection_rule": "prompt_grouped_5fold_weighted_logloss_one_SE_then_simpler_form_then_lower_L2",
    "status": "TRAIN_ONLY_MODEL_SELECTED",
    "transform": {
      "demucs_high": 0.8713424068689346,
      "demucs_low": 1.8474607384177943e-06,
      "demucs_mean": -2.0366876757100205,
      "demucs_scale": 3.0891817378447852,
      "panns_high": 0.6370421433448792,
      "panns_low": 0.012668349826708437,
      "panns_mean": -2.073303841369276,
      "panns_scale": 1.1446514377074841
    }
  },
  "status": "TRAIN_ONLY_CALIBRATION_MODEL_FIT",
  "target_sha256": "e5d5a27ca9c10c0f9303e18f0c0afccecb5f045bb515f87c07e6f295eff1d4df",
  "train_rows_abstained": 2,
  "train_rows_decided": 58,
  "train_rows_total": 60
}
