{
  "condition_results": [
    {
      "bootstrap_replicates": 10000,
      "bootstrap_seed": 20260717,
      "ci95_lower": 0.6614583333333334,
      "ci95_upper": 0.8229166666666666,
      "condition": "plain",
      "observations": 192,
      "prompt_clusters": 24,
      "seeds_per_prompt": 8,
      "violation_rate": 0.7447916666666666
    },
    {
      "bootstrap_replicates": 10000,
      "bootstrap_seed": 20260718,
      "ci95_lower": 0.7135416666666666,
      "ci95_upper": 0.8697916666666666,
      "condition": "neutral-matched",
      "observations": 192,
      "prompt_clusters": 24,
      "seeds_per_prompt": 8,
      "violation_rate": 0.796875
    },
    {
      "bootstrap_replicates": 10000,
      "bootstrap_seed": 20260719,
      "ci95_lower": 0.7447916666666666,
      "ci95_upper": 0.8958333333333334,
      "condition": "negative",
      "observations": 192,
      "prompt_clusters": 24,
      "seeds_per_prompt": 8,
      "violation_rate": 0.8229166666666666
    },
    {
      "bootstrap_replicates": 10000,
      "bootstrap_seed": 20260720,
      "ci95_lower": 0.4114583333333333,
      "ci95_upper": 0.6354166666666666,
      "condition": "positive",
      "observations": 192,
      "prompt_clusters": 24,
      "seeds_per_prompt": 8,
      "violation_rate": 0.5260416666666666
    }
  ],
  "confound_test_interpretation": "The prompt-paired 95% CI includes zero, so this cell does not rule out the matched-length/neutral-descriptor explanation within the selected subset.",
  "confound_test_verdict": "INCONCLUSIVE_MATCHED_LENGTH_CONFOUND_TEST",
  "endpoint": "promoted OR hard vocal-presence violation",
  "instrument": {
    "demucs_threshold": 0.03161777090281248,
    "family": "or",
    "panns_threshold": 0.04403413645923138,
    "report_exact_line": "- Selected family: `or`.",
    "report_sha256": "9ab909fc301a89c5de04f53dcb3b613e4984c184f2a5bf39987ac1f97de23a9d",
    "result_sha256": "2ec9f12fd9008dae0e32675fcdaaf9e7a22fe0ed7006dd310b665b1e82be2ff2"
  },
  "legacy_seed_indices": [
    0,
    1,
    2,
    3,
    4,
    5,
    6,
    7
  ],
  "neutral_minus_negative": {
    "bootstrap_replicates": 10000,
    "bootstrap_seed": 20260727,
    "ci95": [
      -0.109375,
      0.052083333333333336
    ],
    "estimate": -0.026041666666666668,
    "orientation": "neutral-matched minus negative",
    "pairing": "prompt-paired, seed-independent",
    "prompt_clusters": 24,
    "prompt_differences": [
      0.125,
      -0.25,
      0.125,
      0.0,
      -0.125,
      -0.25,
      0.0,
      -0.625,
      0.0,
      0.375,
      0.25,
      -0.125,
      -0.125,
      -0.125,
      0.0,
      0.125,
      -0.125,
      0.25,
      -0.25,
      0.125,
      0.125,
      -0.125,
      0.0,
      0.0
    ],
    "randomization_replicates": 100000,
    "randomization_seed": 20260718,
    "two_sided_sign_flip_p": 0.6377536224637753
  },
  "neutral_seed_range": [
    2071000000,
    2071023007
  ],
  "neutral_semantic_assumption": "one frozen studio descriptor is vocally inert by design and lexical screen; generic semantic-specificity equivalence is unverified",
  "plan_or_claim_status_changed": false,
  "positive_cell_context": "canonical corrected positive-v2 removes source negative clauses before adding positive descriptors",
  "prompt_selection_assumption": "historical-N2-risk ranks 0-23 selected because task requests 24 from a 32-prompt factorial; subset inference only",
  "status": "COMPLETE"
}
