{
  "prompt_split_overlap": 0,
  "test_auc": 0.9154479389219448,
  "test_balanced_accuracy": 0.8333854058979837,
  "test_rows": 2048,
  "threshold": 0.397057,
  "train_rows": 1680,
  "val_balanced_accuracy": 0.8316601698082982,
  "val_rows": 368
}
