{
  "candidate_count": 7566,
  "family_best": {
    "and": {
      "demucs_threshold": 0.03161777090281248,
      "family": "and",
      "panns_threshold": 0.017492317128926516,
      "train_metrics": {
        "abstention_rate": 0.03333333333333333,
        "abstention_rows": 2,
        "balanced_accuracy": 0.9924017790956264,
        "decided_rows": 58,
        "mcc": 0.9523423628869726,
        "negative_rows": 34,
        "positive_rows": 24,
        "sensitivity": 1.0,
        "specificity": 0.9848035581912529,
        "weighted_fn": 0.0,
        "weighted_fp": 49.199999999999996,
        "weighted_tn": 3188.4000000000005,
        "weighted_tp": 573.2
      }
    },
    "current_demucs": {
      "demucs_threshold": 0.1791,
      "family": "current_demucs",
      "panns_threshold": Infinity,
      "train_metrics": {
        "abstention_rate": 0.03333333333333333,
        "abstention_rows": 2,
        "balanced_accuracy": 0.7412802311844895,
        "decided_rows": 58,
        "mcc": 0.40674710678553017,
        "negative_rows": 34,
        "positive_rows": 24,
        "sensitivity": 0.6451500348918353,
        "specificity": 0.8374104274771436,
        "weighted_fn": 203.39999999999998,
        "weighted_fp": 526.4000000000001,
        "weighted_tn": 2711.2000000000007,
        "weighted_tp": 369.79999999999995
      }
    },
    "demucs": {
      "demucs_threshold": 0.03161777090281248,
      "family": "demucs",
      "panns_threshold": Infinity,
      "train_metrics": {
        "abstention_rate": 0.03333333333333333,
        "abstention_rows": 2,
        "balanced_accuracy": 0.9905485544848036,
        "decided_rows": 58,
        "mcc": 0.9415155597636604,
        "negative_rows": 34,
        "positive_rows": 24,
        "sensitivity": 1.0,
        "specificity": 0.9810971089696072,
        "weighted_fn": 0.0,
        "weighted_fp": 61.19999999999999,
        "weighted_tn": 3176.4000000000005,
        "weighted_tp": 573.2
      }
    },
    "fixed_20260711_and": {
      "demucs_threshold": 0.038639528676867485,
      "family": "fixed_20260711_and",
      "panns_threshold": 0.03181814216077328,
      "train_metrics": {
        "abstention_rate": 0.03333333333333333,
        "abstention_rows": 2,
        "balanced_accuracy": 0.9848823601123643,
        "decided_rows": 58,
        "mcc": 0.9325268127734321,
        "negative_rows": 34,
        "positive_rows": 24,
        "sensitivity": 0.9895324494068388,
        "specificity": 0.9802322708178898,
        "weighted_fn": 6.0,
        "weighted_fp": 63.99999999999999,
        "weighted_tn": 3173.6000000000004,
        "weighted_tp": 567.2
      }
    },
    "or": {
      "demucs_threshold": 0.03161777090281248,
      "family": "or",
      "panns_threshold": 0.04403413645923138,
      "train_metrics": {
        "abstention_rate": 0.03333333333333333,
        "abstention_rows": 2,
        "balanced_accuracy": 0.9937608104768965,
        "decided_rows": 58,
        "mcc": 0.9604698175484918,
        "negative_rows": 34,
        "positive_rows": 24,
        "sensitivity": 1.0,
        "specificity": 0.9875216209537929,
        "weighted_fn": 0.0,
        "weighted_fp": 40.4,
        "weighted_tn": 3197.2000000000003,
        "weighted_tp": 573.2
      }
    },
    "panns": {
      "demucs_threshold": Infinity,
      "family": "panns",
      "panns_threshold": 0.04403413645923138,
      "train_metrics": {
        "abstention_rate": 0.03333333333333333,
        "abstention_rows": 2,
        "balanced_accuracy": 0.9832453450394708,
        "decided_rows": 58,
        "mcc": 0.9232118824073734,
        "negative_rows": 34,
        "positive_rows": 24,
        "sensitivity": 0.9895324494068388,
        "specificity": 0.9769582406721028,
        "weighted_fn": 6.0,
        "weighted_fp": 74.6,
        "weighted_tn": 3163.0000000000005,
        "weighted_tp": 567.2
      }
    }
  },
  "selected_candidate": {
    "demucs_threshold": 0.03161777090281248,
    "family": "or",
    "panns_threshold": 0.04403413645923138,
    "train_metrics": {
      "abstention_rate": 0.03333333333333333,
      "abstention_rows": 2,
      "balanced_accuracy": 0.9937608104768965,
      "decided_rows": 58,
      "mcc": 0.9604698175484918,
      "negative_rows": 34,
      "positive_rows": 24,
      "sensitivity": 1.0,
      "specificity": 0.9875216209537929,
      "weighted_fn": 0.0,
      "weighted_fp": 40.4,
      "weighted_tn": 3197.2000000000003,
      "weighted_tp": 573.2
    }
  },
  "selection_rule": "weighted_BA_then_min_sens_spec_then_MCC_then_simplicity_then_deterministic_threshold",
  "status": "TRAIN_SELECTED_HELDOUT_UNSEEN",
  "training_abstention_rows": 2,
  "training_decided_rows": 58,
  "training_rows": 60
}
